housing_median_age,total_rooms,total_bedrooms,population,households,median_income,median_house_value
41,880,129,322,126,8.3252,452600
21,7099,1106,2401,1138,8.3014,358500
52,1467,190,496,177,7.2574,352100
52,1274,235,558,219,5.6431,341300
52,1627,280,565,259,3.8462,342200
52,919,213,413,193,4.0368,269700
52,2535,489,1094,514,3.6591,299200
52,3104,687,1157,647,3.12,241400
42,2555,665,1206,595,2.0804,226700
52,3549,707,1551,714,3.6912,261100
52,2202,434,910,402,3.2031,281500
52,3503,752,1504,734,3.2705,241800
52,2491,474,1098,468,3.075,213500
52,696,191,345,174,2.6736,191300
52,2643,626,1212,620,1.9167,159200
50,1120,283,697,264,2.125,140000
52,1966,347,793,331,2.775,152500
52,1228,293,648,303,2.1202,155500
50,2239,455,990,419,1.9911,158700
52,1503,298,690,275,2.6033,162900
40,751,184,409,166,1.3578,147500
42,1639,367,929,366,1.7135,159800
52,2436,541,1015,478,1.725,113900
52,1688,337,853,325,2.1806,99700
52,2224,437,1006,422,2.6,132600
41,535,123,317,119,2.4038,107500
49,1130,244,607,239,2.4597,93800
52,1898,421,1102,397,1.808,105500
50,2082,492,1131,473,1.6424,108900
52,729,160,395,155,1.6875,132000
49,1916,447,863,378,1.9274,122300
52,2153,481,1168,441,1.9615,115200
48,1922,409,1026,335,1.7969,110400
49,1655,366,754,329,1.375,104900
51,2665,574,1258,536,2.7303,109700
49,1215,282,570,264,1.4861,97200
48,1798,432,987,374,1.0972,104500
52,1511,390,901,403,1.4103,103900
52,1470,330,689,309,3.48,191400
52,2432,715,1377,696,2.5898,176000
52,1665,419,946,395,2.0978,155400
51,936,311,517,249,1.2852,150000
49,713,202,462,189,1.025,118800
52,950,202,467,198,3.9643,188800
52,1443,311,660,292,3.0125,184400
52,1656,420,718,382,2.6768,182300
50,1125,322,616,304,2.026,142500
43,1007,312,558,253,1.7348,137500
40,624,195,423,160,0.9506,187500
40,946,375,700,352,1.775,112500
21,896,453,735,438,0.9218,171900
43,1868,456,1061,407,1.5045,93800
41,3221,853,1959,720,1.1108,97500
52,1630,456,1162,400,1.2475,104200
52,1170,235,701,233,1.6098,87500
52,945,243,576,220,1.4113,83100
52,1238,288,622,259,1.5057,87500
52,1489,335,728,244,0.8172,85300
52,1387,341,1074,304,1.2171,80300
2,158,43,94,57,2.5625,60000
52,1121,211,554,187,3.3929,75700
49,135,29,86,23,6.1183,75000
50,760,190,377,122,0.9011,86100
52,1224,237,521,159,1.191,76100
48,828,182,392,133,2.5938,73500
52,1010,209,604,187,1.1667,78400
48,1455,354,788,332,0.8056,84400
52,1027,244,492,147,2.6094,81300
52,572,109,274,82,1.8516,85000
46,2801,644,1823,611,0.9802,129200
26,768,152,392,127,1.7719,82500
46,935,297,582,277,0.7286,95200
49,844,204,560,152,1.75,75000
46,12,4,18,7,0.4999,67500
20,835,161,290,133,2.483,137500
17,1237,462,762,439,0.9241,177500
36,2914,562,1236,509,2.4464,102100
19,1207,243,721,207,1.1111,108300
23,1745,374,1054,325,0.8026,112500
38,684,176,344,155,2.0114,131300
17,924,289,609,289,1.5,162500
52,210,56,183,56,1.1667,112500
52,340,97,200,87,1.5208,112500
52,386,164,346,155,0.8075,137500
35,948,184,467,169,1.8088,118800
52,773,143,377,115,2.4083,98200
40,880,451,582,380,0.977,118800
10,875,348,546,330,0.76,162500
10,105,42,125,39,0.9722,137500
52,249,78,396,85,1.2434,500001
16,994,392,800,362,2.0938,162500
52,215,87,904,88,0.8668,137500
52,96,31,191,34,0.75,162500
27,1055,347,718,302,2.6354,187500
39,1715,623,1327,467,1.8477,179200
36,5329,2477,3469,2323,2.0096,130000
31,4596,1331,2048,1180,2.8345,183800
29,335,107,202,91,2.0062,125000
22,3682,1270,2024,1250,1.2185,170000
37,3633,1085,1838,980,2.6104,193100
29,4656,1414,2304,1250,2.4912,257800
28,5806,1603,2563,1497,3.2177,273400
39,854,242,389,228,3.125,237500
52,2155,701,895,613,2.5795,350000
34,5871,1914,2689,1789,2.8406,335700
52,1509,225,674,244,4.9306,313400
52,2026,482,709,456,3.2727,268500
52,1758,460,686,422,3.1691,259400
52,3481,751,1444,718,3.9,275700
28,3337,855,1520,802,3.9063,225000
52,1424,289,550,253,5.0917,262500
32,3809,1098,1806,1022,2.6429,218500
26,3959,1196,1749,1217,3.0233,255000
52,2376,559,939,519,3.1484,224100
35,1613,428,675,422,3.4722,243100
52,1279,287,534,291,3.1429,231600
28,5022,1750,2558,1661,2.4234,218500
52,4190,1105,1786,1037,3.0897,234100
50,2515,399,970,373,5.8596,327600
47,3175,454,1098,485,5.2868,347600
41,2576,406,794,376,5.956,366100
37,334,54,98,47,4.9643,335000
52,2800,411,1061,403,6.3434,373600
52,3529,574,1177,555,5.1773,389500
52,2612,365,901,367,7.2354,391100
28,5287,1048,2031,956,5.457,337300
50,2935,473,1031,479,7.5,295200
44,3424,597,1358,597,6.0194,292300
40,4991,674,1616,654,7.5544,411500
30,2211,346,844,343,6.0666,311500
34,3038,490,1140,496,7.0548,325900
18,1617,210,533,194,11.6017,392600
35,2865,460,1072,443,7.4882,319300
34,5065,788,1627,766,6.8976,333300
28,1326,184,463,190,8.2049,335200
26,1589,223,542,211,8.401,351200
29,1791,271,661,269,6.8538,368900
32,1835,264,635,263,8.317,365900
37,1229,181,420,176,7.0175,366700
39,3770,534,1265,500,6.3302,362800
30,292,38,126,52,6.3624,483300
52,2375,333,813,350,7.0549,331400
45,2964,436,1067,426,6.7851,323500
50,2833,605,1260,552,2.8929,216700
38,2254,535,951,487,3.0812,233100
52,1389,212,510,224,5.2402,296400
52,1971,335,765,308,6.5217,273700
52,2183,465,1129,460,3.2632,227700
52,2286,464,1073,441,3.0298,199600
52,2721,541,1185,515,4.5428,239800
52,2024,339,756,340,4.072,270100
52,2944,536,1034,521,5.3509,302100
52,2033,486,787,459,3.1603,269500
52,1433,229,612,213,4.7708,314700
52,2927,402,1021,380,8.1564,390100
52,2315,292,861,258,8.8793,410300
52,2485,313,953,327,6.8591,352400
52,1490,238,634,256,6.0302,287300
52,2814,365,878,352,7.508,348700
52,2093,550,918,483,2.7477,243800
52,888,168,360,175,2.1944,211500
52,2087,510,1197,488,3.0149,218400
52,2513,502,1048,518,3.675,269900
46,3232,835,1373,747,3.225,218800
42,4120,1065,1715,1015,2.9345,225000
43,2364,792,1359,722,2.1429,250000
41,1471,469,1062,413,1.6121,171400
29,2468,864,1335,773,1.3929,193800
27,1632,492,1171,429,2.3173,125000
45,1786,526,1475,460,1.7772,97500
50,629,188,742,196,2.6458,125000
52,1339,391,1086,363,2.181,138800
36,1678,606,1645,543,2.2303,116700
43,2344,647,1710,644,1.6504,151800
52,996,228,731,228,2.2697,127000
52,1591,373,1118,347,2.1563,128600
52,1586,398,1006,335,2.1348,140600
47,2046,588,1213,554,2.6292,182700
52,1192,289,772,257,2.3833,146900
52,1803,420,1321,401,2.957,122800
49,2838,749,1487,677,2.5238,169300
52,783,184,488,186,1.9375,126600
51,1590,414,949,392,1.9028,127900
50,1746,480,1149,415,2.25,123500
52,1252,299,844,280,2.3929,111900
43,5963,1344,4367,1231,2.1917,112800
52,1783,395,1659,412,2.9357,107900
30,999,264,1011,263,1.8854,137500
39,1469,431,1464,389,2.1638,105500
47,1372,395,1237,303,2.125,95500
52,674,180,647,168,3.375,116100
43,1626,376,1284,357,2.2542,112200
51,175,43,228,55,2.1,75000
39,461,129,381,123,1.6,112500
52,902,237,846,227,3.625,125000
20,2373,779,1659,676,1.6929,115000
52,391,128,520,138,1.6471,95000
52,1137,301,866,259,2.59,96400
52,769,206,612,183,2.57,72000
52,472,146,415,126,2.6429,71300
52,862,215,994,213,3.0257,80800
50,1920,530,1525,477,1.4886,128800
43,1420,472,1506,438,1.9338,112500
52,986,258,1008,255,1.4844,119400
44,2340,825,2813,751,1.6009,118100
48,1696,396,1481,343,2.0375,122500
49,1175,217,859,219,2.293,106300
37,2343,574,1608,523,2.1494,132500
30,610,145,425,140,1.6198,122700
40,930,199,564,184,1.3281,113300
44,1487,314,961,272,3.5156,109500
52,3424,690,2273,685,3.9048,164700
52,762,190,600,195,3.0893,125000
46,2366,575,1647,527,2.6042,124700
49,1826,450,1201,424,2.5,136700
38,3049,711,2167,659,2.7969,141700
29,1640,376,939,340,2.8321,150000
47,1543,307,859,292,2.9583,138800
34,2364,557,1517,516,2.8365,139200
35,1745,409,1143,386,2.875,143800
39,2003,500,1109,464,3.0682,156500
39,2018,447,1221,446,3.0757,151000
43,3045,499,1115,455,4.9559,273000
52,1547,293,706,268,4.7721,217100
52,3519,711,1883,706,3.4861,187100
41,2070,354,804,340,5.1184,239600
48,1321,263,506,252,4.0977,229700
48,1694,259,610,238,4.744,257300
46,1938,341,768,332,4.2727,246900
50,968,195,462,184,2.9844,179900
40,1060,256,667,235,4.1739,169600
46,2041,405,1059,399,3.8487,203300
52,1813,271,637,277,4.0114,263400
45,2718,451,1106,454,4.6563,231800
28,3144,761,1737,669,2.9297,140500
35,1802,459,1009,390,2.3036,126000
49,882,195,737,210,2.6667,122000
44,1621,452,1354,491,2.619,134700
45,2115,533,1530,474,2.4167,139400
45,2021,528,1410,480,2.7788,115400
46,2239,508,1390,569,2.7352,137300
52,1477,300,1065,269,1.8472,137000
52,1056,224,792,245,2.6583,142600
49,898,244,779,245,3.0536,137500
44,2968,710,2269,610,2.3906,111700
43,1702,460,1227,407,1.7188,126800
47,881,248,753,241,2.625,111300
40,494,114,547,135,2.8015,114800
50,1776,473,1807,440,1.7276,102300
44,1678,514,1700,495,2.0801,131900
51,1637,463,1543,393,2.489,119100
52,1420,314,1085,300,1.7546,80600
52,591,173,353,137,4.0904,80600
52,745,153,473,149,2.6765,88800
49,2272,498,1621,483,2.4338,102400
46,1234,375,1183,354,2.3309,98700
43,1017,328,836,277,2.2604,100000
42,932,254,900,263,1.8039,92300
39,2689,597,1888,537,2.2562,94800
41,1547,415,1024,341,2.0562,102000
52,2300,443,1225,423,3.5398,158400
39,1752,399,1071,376,3.1167,121600
50,1867,403,1128,378,2.5401,129100
43,2430,502,1537,484,2.898,121400
44,1729,414,1240,393,2.3125,102800
52,1026,180,469,168,2.875,160000
52,2170,428,1086,425,3.3715,143900
52,2329,445,1144,417,3.5114,151200
52,2492,415,1109,375,4.3125,164400
52,2198,397,984,369,3.22,156500
33,142,31,575,47,3.875,225000
49,1183,205,496,209,5.2328,174200
52,1070,193,555,190,3.7262,166900
45,1766,332,869,327,4.5893,163500
39,617,95,236,106,5.2578,253000
41,1411,233,626,214,7.0875,240700
46,2109,387,922,329,3.9712,208100
47,1229,243,582,256,2.9514,198100
50,954,217,546,201,2.6667,172800
37,1643,262,620,266,5.4446,336700
34,1355,195,442,195,6.2838,318200
23,2317,336,955,328,6.7527,285800
24,2459,317,916,324,7.0712,293000
22,12842,2048,4985,1967,5.9849,371000
42,1524,260,651,267,3.6875,157300
30,3326,746,1704,703,2.875,135300
43,1985,440,1085,407,3.4205,136700
50,1642,322,713,284,3.2984,160700
49,893,177,468,181,3.875,140600
52,653,128,296,121,4.175,144000
47,1256,217,570,218,4.375,161900
48,977,194,446,180,4.7708,156300
45,2324,397,968,384,3.5739,176000
39,1583,349,857,316,3.0958,145800
39,1612,342,912,322,3.3958,141900
31,2424,533,1360,452,1.871,90700
41,1594,367,1074,355,1.9356,90600
47,2118,413,965,382,2.1842,107900
37,1575,358,933,320,2.2917,107000
38,1764,397,987,354,2.4333,98200
50,1187,261,907,246,1.9479,89500
52,754,175,447,165,3.9063,93800
49,2308,452,1299,451,1.8407,96700
27,909,236,396,157,2.0786,97500
42,1180,257,877,268,2.8125,97300
43,2018,408,1111,367,1.8913,91200
49,1368,282,790,269,1.7056,91400
52,2744,547,1479,554,2.2768,96200
51,2107,471,1173,438,3.2552,120100
52,1748,362,1029,366,2.0556,100000
52,2024,391,1030,350,2.4659,94700
47,1116,259,826,279,1.75,85700
41,2036,510,1412,454,2.0469,89300
45,1852,393,1132,349,2.7159,101400
41,921,207,522,159,1.2083,72500
45,995,238,630,237,1.925,74100
36,606,132,531,133,1.5809,70000
37,2680,736,1925,667,1.4097,84600
38,1493,370,1144,351,0.7683,81800
19,2207,565,1481,520,1.3194,81400
28,856,189,435,162,0.8012,81800
26,1293,297,984,303,1.9479,85800
36,847,212,567,159,1.1765,87100
42,541,154,380,123,2.3456,83500
44,1066,253,825,244,2.1538,79700
43,707,147,417,155,2.5139,83400
45,1528,291,801,287,1.2625,84700
42,909,215,646,198,2.9063,80000
43,1391,293,855,285,2.5192,76400
44,548,119,435,136,2.1111,79700
42,4074,874,2736,780,2.455,82400
41,1613,445,1481,414,2.4028,97700
47,463,134,327,137,2.15,97200
43,818,193,494,179,2.4776,101600
43,1473,371,1231,341,2.1587,86500
35,504,126,323,109,1.8438,90500
46,1026,226,749,225,3.0298,107600
46,769,183,693,178,2.25,84200
46,2103,391,1339,354,2.2467,88900
45,330,76,282,80,4.0469,80700
46,941,218,621,195,1.325,87100
38,992,279,732,259,1.6196,85100
45,990,261,901,260,2.1731,82000
36,1126,263,482,150,1.9167,82800
43,1036,233,652,213,2.069,84600
36,1047,214,651,166,1.712,82100
33,1280,307,999,286,2.5625,89300
43,1587,320,907,306,1.9821,98300
41,1257,271,828,230,2.5043,92300
44,1218,248,763,254,2.3281,88800
48,1751,390,935,349,1.4375,90000
45,2299,514,1437,484,2.5122,95500
38,2457,624,1516,482,1.5625,91700
47,998,211,597,185,3.1587,100400
40,1685,343,949,342,1.8426,94800
46,1827,307,881,302,4.6696,164300
36,2781,574,1438,519,2.4598,155500
39,1823,286,763,270,6.0749,196900
27,2229,365,1297,355,4.8304,279100
34,1513,231,545,211,5.5701,252800
26,3266,491,1222,533,5.37,275400
33,1809,261,808,219,6.86,250000
28,794,111,329,109,7.6923,329800
36,690,105,299,109,4.0313,195500
33,1334,200,579,202,6.8323,255900
30,414,54,137,50,4.975,311100
36,768,93,229,93,5.3602,330000
41,4400,666,1476,648,5,248900
46,954,161,429,154,2.925,142900
40,1445,256,849,255,3.8913,126300
44,1938,399,946,331,3.225,135800
41,856,178,571,191,3.1458,130600
24,1790,454,1137,386,2.537,107900
44,617,131,378,135,2.5568,111100
43,1383,275,853,272,3.5083,122000
49,1325,277,764,282,3.3125,118000
40,1227,294,928,261,1.8235,95200
35,667,140,406,133,3.8047,94300
34,1223,281,824,280,2.2917,92500
37,1379,287,835,259,2.4962,91800
43,1534,300,826,295,4.0417,109400
46,1029,181,567,211,3.4844,129500
52,771,147,355,144,4.1458,143400
47,824,223,533,166,2.625,98200
44,1097,239,609,215,2.0227,103100
49,1283,238,576,236,3.3333,276800
52,1604,263,594,286,5.338,270900
52,2248,422,870,377,3.4732,246200
38,2263,522,1027,509,3.5125,224200
52,1571,349,693,326,3.1375,229100
46,1520,402,815,375,2.8036,211600
15,5083,1212,2420,1146,4.5824,256100
36,1077,293,518,276,3.0208,206300
52,1248,283,620,275,4.0875,221300
42,1342,291,551,266,4.5268,207400
37,3061,930,2556,924,1.7375,350000
52,3171,698,1498,696,3.1795,218200
50,1211,261,523,227,3.8672,216700
52,979,175,374,153,5.1675,270600
52,2269,380,1004,371,5.1696,261400
52,1844,332,769,334,4.2614,261300
52,2178,421,940,423,5.0551,232200
42,1650,274,645,256,5.6228,375400
52,1927,279,705,288,7.8864,357300
52,2079,273,684,275,7.9556,374400
52,1803,240,572,236,6.174,358800
52,2041,270,671,253,6.9414,417500
52,3046,373,975,365,8.8342,430500
52,2318,328,779,312,7.1754,362900
52,2003,250,658,244,10.0825,397000
52,2261,328,819,335,4.9083,346800
52,1225,169,412,168,5.7912,327100
52,2315,408,835,369,4.5893,290100
52,2070,329,722,306,5.4171,292000
52,2616,473,1085,487,4.125,270900
52,2640,366,973,355,7.266,371100
52,1978,293,723,272,5.3989,335600
37,2220,335,903,362,7.8336,371300
41,1125,195,356,181,6.1593,344000
52,3078,494,1005,462,6.381,342200
52,3706,531,1205,504,6.6828,370900
37,3000,457,987,450,7.5385,350000
42,2863,460,1031,448,6.7138,368600
52,2551,417,894,404,6.2425,391800
52,2255,410,823,377,5.7979,415300
52,3360,648,1232,621,4.2813,284900
52,1693,391,669,367,3.5417,287500
44,2252,592,989,550,3.0132,272900
52,2495,491,1058,464,4.1429,259600
52,1193,200,506,207,4.1912,254500
52,1172,215,489,218,3.9167,235600
52,2159,424,824,388,3.8897,218400
48,2365,490,1034,475,3.1065,229200
46,1895,442,920,425,2.9926,192100
52,1650,395,841,380,3.556,179300
45,453,146,749,137,1.475,187500
52,409,97,208,98,1.6971,138800
10,503,118,228,100,2.1705,150000
50,499,127,287,128,2.75,140600
52,477,119,218,106,2.5682,120000
46,1647,376,854,355,2.9,144800
52,3123,749,1695,684,2.2208,144800
52,957,188,403,172,3.2344,245500
52,589,132,288,131,3.5156,200000
49,2026,548,963,521,1.9805,173700
50,1829,536,1129,516,2.6684,185600
52,895,198,386,204,3.875,182600
52,1909,416,811,406,3.006,227900
46,3022,696,1293,675,2.543,220700
46,1777,446,805,431,2.8676,212000
52,2803,930,1372,876,2.1907,271400
30,1465,439,862,425,1.7778,268800
37,2619,682,1152,616,2.52,277800
52,1149,255,483,249,4.2788,332500
52,2363,604,1558,573,2.944,338900
52,2604,837,1798,769,1.725,287500
41,685,141,266,123,5.2289,384600
42,1756,465,2184,422,2.5562,371400
52,1204,460,2016,477,0.949,350000
52,609,236,1349,250,1.1696,500001
52,1087,371,3337,350,1.4012,175000
52,2773,998,1721,949,1.1859,241700
35,3218,1108,1675,1000,1.7464,216700
49,1350,368,707,350,2.8846,211300
52,3084,698,1424,694,2.7372,210200
52,938,195,393,189,3.8594,196400
52,1813,353,828,339,3.5625,191700
52,1233,300,571,292,2.2788,182300
44,2539,755,1382,713,2.537,175000
46,1267,324,792,321,2.525,165900
52,1665,404,815,372,1.9946,156900
52,1659,367,788,346,2.8214,164300
52,2225,460,1145,430,2.6165,150000
50,2485,607,1354,563,1.9483,150500
52,2031,450,958,445,1.9327,169900
49,2932,668,1361,608,1.9798,147400
52,2246,472,1005,449,2.4167,152700
49,2052,435,924,414,2.5417,182700
52,1999,417,780,358,3.3906,179300
52,3007,691,1582,636,2.5652,157700
41,2214,550,1213,568,2.2845,153100
52,1088,305,486,267,2.6071,250000
52,834,186,494,175,3.15,206300
52,1769,372,849,365,2.6914,218800
52,2307,583,1127,548,1.8447,198200
35,5161,1744,3276,1742,1.6307,253600
52,3497,832,1493,794,2.9044,257400
52,3774,744,1461,679,2.9405,289500
52,2888,604,1253,538,3.3893,241700
48,2153,517,1656,459,3.0417,489600
52,1389,191,514,202,7.0897,446200
52,1709,318,719,295,5.0463,456300
52,1587,444,878,449,1.7652,336800
52,1668,225,517,214,7.8521,500001
52,3726,474,1366,496,9.3959,500001
52,4048,663,1316,590,5.3794,376900
52,3618,768,1508,755,3.2619,309600
52,4076,920,1800,815,2.7054,182300
47,2077,400,719,326,2.2431,172700
50,1279,300,675,255,1.9028,150800
52,1974,426,875,363,1.5817,153600
52,335,83,152,77,2.2841,106300
47,1375,307,843,319,1.3785,142300
52,610,145,281,132,2.9018,119400
44,1025,198,506,204,1.73,147900
48,2063,484,1054,466,2.2625,132900
35,1872,419,1017,414,2.2106,132500
52,3108,813,1623,765,2.6997,126900
14,7355,2408,3100,2051,4.0018,143800
52,2990,379,947,361,7.8772,500001
39,2492,310,808,315,11.8603,500001
42,2991,335,1018,335,13.499,500001
52,3242,366,1001,352,12.2138,500001
52,3051,381,1005,369,8.1872,466100
52,3494,396,1192,383,12.3804,500001
52,1757,246,585,227,5.8948,457800
52,2449,312,916,316,8.1194,471600
52,1611,203,556,179,8.7477,500001
52,3665,517,1470,520,6.155,398600
52,2474,403,1104,398,5.883,340700
52,3037,516,1242,518,5.2128,289900
52,2269,323,805,321,4.7188,335300
52,1316,177,378,162,5.2915,333000
52,1153,235,481,223,2.6411,241000
52,772,179,409,160,3.3214,189600
52,1711,386,885,373,3.6417,206300
52,2650,566,1468,567,3.0161,215700
52,1038,220,482,215,3.1771,210200
52,1527,320,825,264,3.4531,208800
52,859,157,429,158,4.3098,197900
52,970,217,528,208,3.3438,201300
52,1045,239,496,216,2.9213,190800
52,1408,280,718,265,2.6806,207900
52,1222,264,630,265,3.7708,215300
45,1169,263,723,286,3.9444,212900
13,2020,535,959,486,5.2601,292700
30,4145,869,3668,855,2.5444,275000
42,2038,368,2037,355,2.6447,200000
29,5154,1394,3741,1273,2.5762,173400
42,1241,309,821,300,1.9427,102200
52,1468,363,870,347,2.9688,220800
27,3997,1073,1901,966,3.75,242800
18,2873,763,1243,663,5.1702,265400
50,1487,306,730,327,2.5139,219000
52,1670,350,793,299,2.9732,282100
52,2252,388,1033,434,5.5337,372000
52,1731,377,872,363,4.1667,225800
52,1710,481,849,457,2.7115,220800
52,2388,559,1121,518,3.3269,234500
52,2156,458,872,445,3.2685,254200
52,1565,315,637,297,4.7778,351800
52,1704,371,663,340,4.226,275000
52,1210,168,411,172,3.3571,405400
52,2097,444,915,413,2.9899,228100
52,1848,479,921,477,2.875,234000
43,955,284,585,266,2.3882,162500
43,4329,1110,2086,1053,2.975,243400
52,3011,542,1303,535,5.1039,273800
52,1049,185,374,176,4.1458,248500
52,2504,516,979,472,3.4762,244000
52,1846,471,827,446,2.6833,240900
52,1705,246,658,253,5.75,306300
50,1542,289,654,268,3.9632,240000
45,891,155,384,146,4.9489,247100
27,4051,753,1499,797,4.8711,286600
52,2646,581,1128,522,3.0718,266700
49,2428,525,1110,492,3.6719,229800
52,2567,436,1119,415,4.6094,229300
21,7031,1249,2930,1235,4.5213,228400
25,1914,365,897,390,4.4562,206200
5,18634,2885,7427,2718,7.611,350700
31,5785,1379,2973,1312,3.2689,231000
52,2876,648,1340,632,3.567,252900
28,6909,1554,2974,1484,3.6875,353900
23,5679,1270,2690,1151,4.7695,291700
20,1156,365,583,326,3.1972,100000
12,14316,2045,5781,2007,7.2634,341600
5,3596,467,1738,512,7.0568,412500
36,3541,570,1478,529,4.635,248600
40,1808,302,746,270,5.3015,254900
36,2879,480,1235,455,4.9801,241500
26,3204,477,1411,484,5.4834,295200
31,3866,531,1368,521,6.187,340400
32,2476,368,1048,367,5.6194,274700
35,2211,350,1004,365,5.4639,238600
35,2663,387,1086,367,5.1498,266400
30,2599,366,922,350,5.8382,330200
36,4569,824,1950,819,4.65,206800
25,2973,622,1413,595,4.3819,209200
30,3115,625,1444,568,3.7222,195800
31,1843,282,749,269,5.2855,253500
31,2053,336,867,329,4.3375,241800
27,6740,1073,2723,1035,5.2131,252500
30,1751,269,731,263,6.005,263900
38,1663,295,781,301,5.0519,227000
38,3716,657,1784,652,4.8237,220900
32,2718,447,1156,410,5.2497,259300
39,1420,272,645,277,4.125,232500
37,1893,310,821,315,4.6005,231600
33,3906,790,1912,770,3.5187,209400
32,3400,736,1487,694,3,223200
25,3402,758,1645,710,3.4934,209900
33,4413,1107,2239,1051,2.9861,208200
29,2304,618,1021,552,2.5362,203800
36,2350,499,1105,467,3.3021,195700
31,5914,1309,2999,1295,3.0964,190500
43,1575,324,740,284,2.8512,181000
42,1414,274,629,244,3.3478,184900
37,848,202,314,205,2.3958,190800
15,3051,685,1479,668,3.5295,242200
20,4296,817,1732,800,4.8036,188300
52,2898,557,1338,550,3.851,183500
52,1071,201,440,192,4.0662,204200
51,2619,403,922,393,4.6042,251900
49,1494,316,611,288,2.2,187500
52,2260,416,994,412,4.1164,198200
52,1394,223,545,230,3.95,219000
52,1028,129,317,143,4.9135,275000
45,3758,819,1573,736,2.8355,245400
46,2163,470,925,435,3.25,177500
49,1699,408,768,385,2.8301,171600
52,1555,289,620,292,3.7159,183300
52,1114,206,425,207,2.5625,175000
45,1498,313,1003,305,3.8047,156700
45,726,147,519,135,3.375,157500
38,890,200,481,198,3.244,179800
36,2639,533,1209,519,4.0268,205500
35,2562,554,1398,525,3.3906,178900
36,361,69,158,58,5.5461,262500
42,3008,659,1817,664,3.371,165000
46,1369,284,766,289,3.5313,159700
5,1692,398,814,328,3.663,158300
38,1007,245,618,239,2.875,144800
43,3783,814,2139,789,4.0202,166300
37,1507,242,632,253,4.5553,191000
36,666,132,366,134,3.4643,175000
10,2229,601,877,485,3.3431,137500
28,2215,587,830,573,2.1898,141700
31,1616,372,739,379,2.9097,210900
47,1190,251,540,266,3.375,198300
29,4169,1047,2024,962,2.8125,157400
52,2024,320,823,334,5,264700
38,1723,394,711,353,3.0673,218400
43,2264,390,931,368,3.8125,235100
33,1996,268,686,270,6.9096,341800
26,2862,394,1030,397,7.912,367300
35,2183,383,976,392,3.8393,243500
35,1037,207,552,210,4,167900
25,1134,153,340,171,6.5095,371200
39,786,132,288,132,3.5156,218900
45,1397,253,555,248,2.983,202700
45,2315,451,1006,444,3.524,186200
44,1613,339,776,346,3.1103,188900
44,1421,298,609,270,3.5781,180000
18,5778,1526,2441,1352,3.1682,202700
27,3094,866,1364,789,2.6101,181700
18,3905,1007,2197,1044,3.6932,166800
43,3046,557,1333,544,3.4583,183700
19,3516,710,1810,703,3.9032,218000
36,998,178,531,183,4.0208,191500
36,1464,244,672,261,3.5547,194700
17,1463,292,695,330,4.5859,187200
21,4124,1054,2162,998,2.6321,223100
17,2380,769,1216,643,3.395,271300
36,1266,228,606,239,3.9702,194100
36,2239,391,1203,379,5.0043,190400
38,1571,317,874,301,4.4659,189100
38,1246,221,637,222,3.6625,184600
36,1501,287,703,276,3.8864,197300
36,1468,252,733,229,3.4583,192600
36,1118,219,625,228,3.7813,192200
36,1097,208,568,225,2.9917,194600
36,1719,303,836,311,4.4375,193500
24,1755,365,952,362,4,202600
16,1687,348,568,352,2.3869,83300
24,2262,391,1125,366,4.7609,212600
5,2087,407,840,401,5.4858,187800
36,1480,278,796,283,4.3971,205700
36,1545,273,863,267,4.0109,192900
35,2632,447,1349,486,4.3864,205200
30,2261,443,929,383,4.2841,213400
39,1670,308,957,335,5.1312,183600
37,2141,535,1093,555,2.9958,178400
27,3337,613,1489,607,3.6364,219200
31,3184,716,1561,628,2.7955,183100
44,2341,500,1256,485,2.9507,157100
30,1197,269,695,279,3.4375,157800
34,1131,278,560,237,2.875,161700
38,1164,284,632,289,3.0345,152100
41,3495,787,1849,750,2.679,144900
17,2488,617,1287,538,2.9922,179900
35,2681,508,1580,536,4.1042,179100
19,2495,635,1571,579,2.5833,159900
23,1689,461,828,443,2.1552,161400
29,1298,306,835,338,2.3274,170400
19,2693,789,1765,724,2.4206,137500
41,746,145,387,161,3.9063,178400
37,2444,651,1562,618,2.6464,155200
42,1472,310,768,309,3.4643,160900
10,2227,560,1140,472,2.3973,167300
20,200,25,83,31,6.5,340000
32,1283,194,485,171,6.0574,431000
6,2445,590,1189,573,3.8958,301100
21,1307,236,586,249,4.7813,241900
5,3785,936,2240,792,3.2829,162500
10,2031,357,867,352,5.3169,299200
10,8299,1326,3827,1288,6.2579,315500
23,7518,1279,3827,1294,5.1701,216800
36,1815,426,1280,431,3.25,218100
30,5367,1207,2667,1047,3.1796,170300
26,1167,370,253,137,2.4196,275000
26,2607,682,1401,607,2.6563,184100
29,493,168,233,152,0.9637,160000
48,1252,305,673,308,2.3357,175000
41,1382,353,704,314,3.5114,197500
43,500,110,273,120,3.3125,150000
29,2333,538,1120,540,2.4042,205600
41,1834,463,1105,467,2.8322,170300
43,1415,348,569,293,2.5156,190900
37,1352,342,691,324,3.4032,196900
37,2116,503,1109,448,2.535,174000
37,1976,481,1197,465,2.5772,170200
38,1779,413,1061,400,3.0962,180900
34,3659,897,2479,903,2.9564,150500
31,1892,428,1162,389,3.125,167100
35,1958,484,1146,448,2.95,148900
40,1553,253,724,267,4.38,196400
37,2412,394,975,375,4.0417,191100
36,2110,389,952,370,3.8,187500
45,2179,401,1159,399,3.4839,180600
45,2457,445,1129,422,4.0588,182800
44,2147,399,1175,401,4.1974,179300
43,1676,340,924,328,3.6,179400
35,2976,518,1424,538,4.267,210300
34,3036,533,1366,500,4.2386,192300
35,2472,398,1171,390,5.5797,198100
36,1487,249,641,243,4.0682,196200
38,2012,347,880,332,3.1734,181600
37,3342,569,1635,557,4.7933,186900
37,3156,534,1495,543,4.8125,188300
40,1748,318,914,317,3.8676,184000
33,3429,681,1798,694,3.9395,184700
42,3592,703,1625,665,3.2434,179900
38,1035,247,599,224,3.0917,167200
32,3028,811,2037,703,3.0645,165400
33,2431,655,1854,603,2.7019,154000
39,2069,500,1408,478,3.1115,153500
40,1340,313,766,271,3.4722,135400
39,1160,259,725,274,2.2222,158300
32,2015,318,1019,340,6.1104,240700
22,3882,816,1830,743,4.2733,180700
27,3239,671,1469,616,3.2465,230600
28,2932,739,1198,624,3.2417,210800
38,2104,409,1039,394,3.875,165300
29,1694,251,690,242,6.0501,254200
18,3000,419,1155,415,6.8233,332600
23,2419,348,1066,384,6.3501,350000
28,2280,610,1255,587,2.6719,161200
21,5031,1168,2461,1042,3.875,179300
33,1547,372,1063,356,2.5625,154300
31,3300,790,2181,740,3.016,161800
17,5018,1439,3069,1299,2.7694,161900
35,1813,393,1093,374,3.6818,165400
37,1997,436,1349,437,2.1382,166600
37,901,191,599,206,3.7303,149700
35,686,142,480,149,3.875,162100
33,1954,464,1293,448,3.0489,152600
27,2630,722,1414,634,2.8203,195200
35,1130,192,543,184,4.3897,190600
35,1184,200,572,194,4.7143,193800
34,656,115,342,112,4.6875,200600
29,2544,643,2332,603,3.2091,150000
36,1305,225,768,234,4.275,185300
36,1755,316,913,299,4.1302,172700
35,2843,652,1726,643,3.09,174100
25,2538,494,1185,501,4.5417,194400
28,1784,311,735,278,4.6635,206700
31,1797,327,796,319,4.4427,204500
36,410,76,252,82,4.5303,175000
26,162,27,86,25,2.375,137500
18,9963,2031,5613,1946,3.8171,187200
35,2361,458,1727,467,4.5281,173600
19,862,167,407,183,4.3456,163000
18,4335,808,2041,734,3.4861,331600
31,1487,280,854,301,5.2312,197600
8,3592,849,1907,746,3.6708,197900
40,432,102,264,77,3.8875,228100
34,1457,242,735,249,3.9167,189500
32,1578,284,836,292,3.9063,184200
29,2172,435,1377,408,3.7895,180900
36,1340,245,789,248,3.8,172000
36,1116,199,662,226,5.7309,177900
36,1885,307,853,271,4.1141,173100
36,1180,212,664,200,5.2838,172600
30,5267,1253,4065,1113,3.3479,182100
23,1897,440,1109,418,3.142,179500
31,767,171,548,185,3.7614,176000
33,691,127,431,149,4.25,192600
36,786,133,463,160,3.9338,182700
22,5861,1516,5436,1463,2.5158,134900
27,2784,723,2028,693,2.4808,157600
25,4524,860,2426,862,4.7083,190900
37,1468,304,1038,282,4.1652,158200
20,1655,450,857,430,3.5541,350000
33,1227,286,848,291,3.8036,158200
33,1160,252,729,220,3.8259,146100
33,952,172,369,159,3.2331,226700
35,2072,352,1001,350,4.7109,198700
32,2964,547,1472,527,4.2468,221200
35,1032,173,453,176,6.396,208500
35,657,118,328,134,3.8125,204200
32,1540,324,793,302,3.2857,193200
35,1298,236,632,204,3.8929,209500
36,1409,271,1002,281,3.7262,164900
37,1383,259,808,241,4.0125,161400
36,1151,216,727,215,4.1719,187000
35,899,179,455,185,4.2857,190400
37,1793,364,1534,346,3.6458,156600
17,2485,518,1139,550,2.6875,157300
35,1931,376,1175,337,3.7292,168100
24,2329,465,1401,453,4.5913,177600
12,6711,1374,3388,1289,3.8625,208900
23,1939,356,841,364,3.3611,169200
16,1642,346,705,351,2.8971,163900
34,1619,293,1148,310,4.0326,164700
35,517,108,391,107,4.0682,156900
36,1570,274,992,249,5.3644,168800
35,1213,221,790,243,4.7019,174100
27,1826,309,1016,313,5.64,206500
26,2261,443,1039,395,3.7931,203900
9,3666,711,2341,703,4.6458,217000
36,1633,345,1382,338,3.694,159600
31,2155,522,1858,437,2.652,159800
32,1295,280,1156,300,3.5,154300
32,1295,295,1097,328,3.2386,149600
33,1518,302,831,268,5.097,188600
17,3314,638,1873,602,4.3875,238500
22,3009,497,1640,514,4.625,235300
6,2605,474,1568,433,5.0406,261400
17,5159,832,3174,817,5.8704,234400
18,1726,276,1186,310,5.3226,231700
16,1816,365,1367,355,4.235,156300
13,2578,551,1680,528,4.825,222000
15,2576,418,1657,410,5.5218,254400
16,1644,251,1033,267,6.5116,244300
16,1606,240,1117,268,6.0661,247000
16,3349,544,2003,488,6.0074,236500
15,3475,686,2568,653,4.6211,151400
16,1893,338,1461,344,5.225,213700
14,1727,302,1116,273,5.3428,243600
15,6243,1273,3163,1274,3.7462,212500
24,2077,383,1488,389,4.5721,214700
18,1165,333,855,319,3.6923,213200
16,4371,889,2530,817,4.6786,256000
2,838,295,240,149,2.875,237500
15,3052,760,2097,728,3.3617,178100
17,4313,717,2629,721,5.7579,231800
36,385,94,295,92,2.9706,147900
10,3046,678,2056,628,3.9022,191700
21,4342,783,2172,789,4.6146,247600
15,3575,597,1777,559,5.7192,283500
20,4126,1031,2079,975,3.6832,216900
31,2878,478,1276,485,6.2073,282500
6,4405,717,2071,688,5.8151,295600
14,16199,2993,8117,2847,5.8322,281800
14,14917,2708,8012,2606,5.6277,269800
12,5719,1064,3436,1057,5.2879,231200
8,8647,1407,5019,1379,6.5615,318300
15,8112,1376,4576,1348,5.6758,253400
7,10648,1818,6075,1797,6.1047,278200
5,1150,311,648,245,3.5714,300000
3,14014,2861,7205,2753,6.0824,273500
23,4332,857,2461,829,4.3594,223400
35,1716,312,914,316,5.5737,214500
31,4981,964,2841,924,4.8962,220200
24,8444,1492,4446,1491,4.6978,240300
6,3028,778,1531,736,4.4259,158000
26,2068,532,1434,495,3.3008,224200
33,1325,274,909,267,4.5687,177200
24,2563,485,1174,501,3.8179,216100
18,5505,1005,2641,971,5,269700
20,6462,1294,3288,1235,4.3393,231200
4,3746,993,1606,838,4.1387,162500
13,8918,1823,4518,1772,4.8052,254000
31,1949,344,986,322,4.6349,196200
17,4924,1247,3080,1182,3.168,189400
17,5133,1375,3386,1339,3.1326,220800
16,6647,2098,4649,1903,2.9074,213800
15,5674,748,2412,714,8.3996,442900
21,10687,1540,4552,1520,6.6478,333400
25,1354,192,596,220,6.629,352400
27,3715,526,1631,538,6.2179,305300
33,2095,342,941,304,5.761,259600
29,3517,645,1724,585,4.6641,248900
31,2537,382,1067,410,6.7599,356000
14,5106,1207,2738,1108,3.9909,236000
23,2215,475,1278,492,4.2955,218800
28,2949,529,1538,545,4.9615,228000
18,2375,652,1252,586,2.6198,235900
28,2312,496,1344,467,4.7135,203200
35,2277,420,1353,413,4.75,197000
26,2506,387,1273,406,5.4299,236400
28,2829,566,1610,540,4.6,223200
26,3179,703,2142,639,4.1947,222700
26,2332,371,1285,404,5.388,225000
18,3584,715,1673,661,3.9444,240100
28,3046,507,1772,516,5.3283,227900
28,2414,415,1106,453,4.8403,268600
29,4133,744,2023,749,5.1616,275100
34,2791,495,1276,468,4.9167,256300
27,6103,1249,3026,1134,4.1591,332400
32,2572,406,1128,395,5,287600
26,1910,371,852,357,5.8325,298900
27,1890,303,889,314,5.7057,287600
25,5405,939,2831,923,5.0423,222200
26,3761,623,1776,613,4.5317,232600
25,3333,511,1671,504,5.4359,258300
23,4925,948,2530,894,5.0824,230900
33,3994,764,2721,763,5.2308,196900
22,5811,1125,3215,1086,4.4107,223500
26,4211,741,2352,734,5.2396,223900
27,5532,973,2855,960,4.7478,243500
7,28258,3864,12203,3701,8.4045,451100
9,4909,577,1981,591,9.7194,500001
10,7441,1588,3571,1466,5.1643,193100
23,4314,676,1972,623,5.3813,264400
26,2016,322,1105,357,6.0878,246900
13,5377,744,2759,760,6.868,337300
22,9167,1373,4319,1404,6.992,284800
26,3087,532,1597,483,4.9118,217300
23,3170,532,1446,515,4.4357,291700
26,2145,369,1285,377,4.9464,223800
25,4209,731,2568,703,5.2882,223100
23,4247,835,2357,823,5.1321,211300
25,4458,922,2998,890,3.9667,218500
17,407,97,307,100,3.1696,156300
20,6483,1068,3526,1060,5.0838,248200
35,1867,343,1213,338,4.8214,186000
6,2918,672,1911,639,4.1406,178200
34,2316,478,1524,467,3.7364,190400
31,1240,264,719,236,3.535,210300
16,4458,856,3038,870,5.0739,208000
18,1746,437,1268,404,3.256,183300
19,4572,712,2346,709,6.0667,245700
21,4280,673,2216,681,5.7072,242200
7,6352,1390,3223,1316,4.9867,181700
4,7477,1576,2937,1506,5.1437,299400
22,4638,716,2302,687,5.347,219500
25,4377,668,2038,671,5.7233,231800
26,3816,637,1935,642,4.4697,221300
26,2806,459,1453,444,4.9107,213800
26,4822,845,2288,805,4.2281,206000
15,6473,1027,2484,970,5.0143,271100
6,8072,1050,3386,1062,7.2494,336500
46,1280,209,512,208,5.1406,315600
24,3166,424,1081,400,8.3337,500001
13,3742,555,1590,559,7.316,285400
18,7397,1137,3126,1115,6.4994,323000
23,1655,223,706,219,7.2211,291900
3,2456,582,793,456,4.4087,225600
23,2179,308,926,299,5.9345,259600
20,1804,254,831,260,6.177,262900
18,3631,547,1700,520,5.817,257300
18,2876,423,1395,427,6.3132,259200
12,7490,1207,3329,1136,6.3373,339700
23,2234,270,854,286,7.333,337200
22,1898,239,734,245,6.2918,334100
16,4070,624,1543,577,6.5214,311500
25,2244,301,937,324,6.4524,296900
20,2948,471,1181,474,6.0604,247900
19,2034,288,852,295,6.5285,300400
15,2130,273,876,285,7.2639,332400
7,9540,1294,3926,1229,7.4353,389800
29,2702,680,1360,642,3.1127,233000
39,522,116,161,102,2.4896,238500
52,775,134,315,123,5.0677,233300
3,1565,464,769,461,2.1187,231300
20,1309,184,514,172,10.9506,475800
13,5519,833,2444,825,7.0691,393200
10,4337,800,1813,743,5.5,247200
28,1812,294,853,278,4.9879,229400
4,4719,741,1895,742,6.8132,282500
14,4236,701,1833,663,5.6399,300600
22,3634,664,1699,640,4.1597,293200
27,1569,242,583,214,5.7519,278500
13,13182,2074,4847,1950,5.6417,352900
43,228,40,83,42,10.3203,400000
47,127,23,51,21,4.3472,375000
13,9621,1344,4389,1391,6.6827,313700
4,6159,1510,2649,1241,3.62,139300
16,4290,554,1952,576,7.3588,327500
26,1786,306,771,279,5.7239,430600
32,404,74,144,58,4.2083,125000
17,1671,352,729,252,6.1023,450000
12,5608,1049,2595,1067,3.9864,200200
11,12070,2220,5826,2125,4.8624,192400
25,494,81,254,85,9.1531,418800
22,5533,943,2474,910,4.7361,216800
17,3956,639,2222,662,5.4324,215500
12,1906,351,802,319,4.9375,227700